{"products":[{"id":"0.8023277756215541","qty":1}],"totalPrice":19.990000000000002}